id;start_date;end_date;language
1;2024-01-09T08:41:17;2024-01-08T21:11:49;SPANISH
2;2024-01-08T11:22:59;2024-01-08T19:00:31;SPANISH
3;2024-01-09T05:01:00;2024-01-08T18:39:21;SPANISH
4;2024-01-08T20:17:40;2024-01-08T22:41:10;SPANISH
5;2024-01-09T00:06:25;2024-01-09T01:30:57;SPANISH
6;2024-01-08T22:24:07;2024-01-09T04:24:20;ENGLISH
7;2024-01-08T22:23:04;2024-01-08T18:33:44;ENGLISH
8;2024-01-09T03:43:19;2024-01-08T22:31:35;SPANISH
9;2024-01-08T18:39:02;2024-01-08T21:11:48;FRENCH
10;2024-01-09T07:47:16;2024-01-08T19:42:08;ENGLISH
